"method","ATTe","ATTse","Mem","Time","sample_size"
"CSdr",4.03685126595194,0.0845617729933102,0.1062142,0.0294666666666672,1000
"CSdr",4.01428414190167,0.0405091552573567,0.457274304,0.0463500000000001,5000
"CSdr",3.99570020522084,0.029308807467185,0.897051408,0.0709000000000003,10000
"CSdr",4.00111499120988,0.0197349731719792,1.77688864,0.119149999999999,20000
"CSdr",4.00711235183048,0.0119578095896194,4.342981008,0.329583333333335,50000
"CSdr",3.99012709972432,0.0086835459311093,8.668407976,0.87315,1e+05
"CSdr",4.00125144594622,0.00379928534825187,44.420837008,13.7843166666667,5e+05
"CSdr",4.00025484404158,0.00285825237517501,88.840362456,51.9639666666667,1e+06
