"method","ATTe","ATTse","Mem","Time","sample_size"
"DiDforBigData",4.03685126595189,0.0640317721171918,0.038856384,0.0208333333333333,1000
"DiDforBigData",4.01428414190166,0.0293319403331125,0.111821104,0.0221000000000004,5000
"DiDforBigData",3.9957002052207,0.020916182580786,0.203094848,0.0233666666666674,10000
"DiDforBigData",4.0011149912098,0.0146792403218674,0.385674824,0.0259666666666665,20000
"DiDforBigData",4.00711235182798,0.00923494050446233,0.925009032,0.0432666666666667,50000
"DiDforBigData",3.99012709972538,0.00655616245599486,1.829499224,0.0599166666666671,1e+05
"DiDforBigData",4.00125144592115,0.00293357081052572,9.22061472,0.260816666666667,5e+05
"DiDforBigData",4.00025484402817,0.00207274973577731,18.420700928,0.345016666666667,1e+06
