"method","ATTe","ATTse","Mem","Time","sample_size"
"CH",3.98026887935862,0.0212509406787399,47.021792016,28.56555,20000
