"method","ATTe","ATTse","Mem","Time","sample_size"
"CH",4.03685126595188,0.0832182289756584,2.99267568,5.01193333333333,1000
