"method","ATTe","ATTse","Mem","Time","sample_size"
"DiDforBigData",4.00022959978135,0.000733419599246631,147.222353072,3.5308,8e+06
