"method","ATTe","ATTse","Mem","Time","sample_size"
"BJS",4.03247626205823,0.0500701138426649,0.034433416,0.0197666666666668,1000
"BJS",4.01848006750741,0.0227812255642253,0.162128128,0.665666666666666,5000
"BJS",3.99694802675839,0.016094080290838,0.322093824,5.18598333333333,10000
"BJS",4.0104278347336,0.0113077918917994,0.655690728,43.8417166666667,20000
