"method","ATTe","ATTse","Mem","Time","sample_size"
"CH",4.00111499120849,0.0215684757156787,47.031699728,29.2914666666667,20000
