"method","ATTe","ATTse","Mem","Time","sample_size"
"CSbs",4.03685126595194,0.0867548284990062,0.082180824,0.0122,1000
"CSbs",4.01428414190167,0.0402285811436899,0.389391352,0.0164499999999999,5000
"CSbs",3.99570020522084,0.028334552660646,0.77331888,0.0264666666666666,10000
"CSbs",4.00111499120988,0.0198347295267115,1.541444064,0.0604666666666667,20000
"CSbs",4.00711235183048,0.0125437180133163,3.810355984,0.204333333333333,50000
"CSbs",3.99012709972432,0.00884446175461152,7.615265952,0.605616666666667,1e+05
"CSbs",4.00125144594622,0.00396345930991597,38.36573684,12.5602,5e+05
"CSbs",4.00025484404158,0.00279890899815069,76.738307328,49.9983333333333,1e+06
