"method","ATTe","ATTse","Mem","Time","sample_size"
"CH",4.01428414190188,0.0379019532444876,12.256155,15.1770166666667,5000
