"method","ATTe","ATTse","Mem","Time","sample_size"
"DiDforBigData",4.03685126595191,0.0640745217194516,0.057004,0.0249,1000
"DiDforBigData",4.01428414190175,0.0293358523886578,0.184772968,0.0264833333333334,5000
"DiDforBigData",3.99570020522128,0.0209175771944053,0.344700184,0.0290166666666667,10000
"DiDforBigData",4.00111499121002,0.0146797296652188,0.664571728,0.03405,20000
"DiDforBigData",4.00711235183042,0.00923506364056546,1.611256224,0.0752666666666666,50000
"DiDforBigData",3.99012709972666,0.00655620616437383,3.193483456,0.110683333333333,1e+05
"DiDforBigData",4.00125144595266,0.00293357472198722,16.166769032,0.384016666666667,5e+05
"DiDforBigData",4.00025484405515,0.00207275111761854,32.307955584,0.7082,1e+06
