"method","ATTe","ATTse","Mem","Time","sample_size"
"CH",3.99570020522007,0.0296376328098196,23.844746088,16.15625,10000
