"method","ATTe","ATTse","Mem","Time","sample_size"
"CH",4.01238146053578,0.0796105276779212,2.99462116,5.13131666666667,1000
