"method","ATTe","ATTse","Mem","Time","sample_size"
"DiDforBigData",4.00121510732934,0.000926841374623058,55.621555104,0.59465,5e+06
