"method","ATTe","ATTse","Mem","Time","sample_size"
"CSbs",3.91571087367336,0.0897181331555288,0.08207284,0.0120666666666618,1000
"CSbs",3.96920720649994,0.0396178282363502,0.389309024,0.0170500000000023,5000
"CSbs",3.98253611535458,0.0280252232484031,0.773166472,0.0259999999999991,10000
"CSbs",4.00609649752547,0.0198011017231274,1.54087756,0.0538000000000011,20000
"CSbs",3.98913495894206,0.0125148512502706,3.80895416,0.199533333333329,50000
"CSbs",4.00153458442267,0.00889401378187671,7.613665112,0.61265,1e+05
"CSbs",4.0033700542212,0.00396718747302284,38.35851628,12.4820666666667,5e+05
"CSbs",4.0014620562253,0.00280398015627589,76.723557176,48.9789166666667,1e+06
