"method","ATTe","ATTse","Mem","Time","sample_size"
"DiDforBigData",3.99599315447741,0.0103062233365995,0.5274716,0.0400833333333442,50000
"CSreg",3.99959100563148,0.0122670502542296,4.34162116,0.378399999999995,50000
"DiDforBigData",4.00828795526876,0.0073234141019036,1.038835224,0.0418166666666669,1e+05
"CSreg",4.0086240937362,0.00886758896728033,8.666797464,0.971199999999984,1e+05
