"method","ATTe","ATTse","Mem","Time","sample_size"
"DiDforBigData",3.99788081976065,0.000926387083511959,55.62155508,0.566733333333334,5e+06
