"method","ATTe","ATTse","Mem","Time","sample_size"
"DiDforBigData",4.01238146053581,0.065359634664046,0.047397392,0.0225,1000
"DiDforBigData",4.02323242900262,0.0294736675251,0.137531512,0.0230166666666667,5000
"DiDforBigData",3.98837517378689,0.0205167602639678,0.250363904,0.0242666666666667,10000
"DiDforBigData",3.99875935807983,0.014633826456552,0.476037616,0.0283666666666668,20000
"DiDforBigData",4.0044409593642,0.00928314222827503,1.147736744,0.0382666666666667,50000
"DiDforBigData",3.99853353783878,0.0065622076486642,2.266607248,0.0540333333333334,1e+05
"DiDforBigData",3.99806326115648,0.00293167982034379,11.422511864,0.187166666666667,5e+05
"DiDforBigData",4.0006361707181,0.00207229651625319,22.820306312,0.3525,1e+06
