"method","ATTe","ATTse","Mem","Time","sample_size"
"BJS",3.99033522311495,0.0500621817394208,0.034411296,0.0130666666666667,1000
"BJS",4.00348067131893,0.0226627026131926,0.16204348,0.632116666666667,5000
"BJS",3.99924723826132,0.0161624470658197,0.32192748,5.01558333333333,10000
"BJS",4.00243834453826,0.0113722732826693,0.655367112,43.3664,20000
