"method","ATTe","ATTse","Mem","Time","sample_size"
"CSdr",4.01238146053584,0.0868736435907346,0.106269488,0.0245666666666667,1000
"CSdr",4.02323242900253,0.038956858610261,0.457328616,0.03395,5000
"CSdr",3.98837517378646,0.0253952043555444,0.897094064,0.0569166666666667,10000
"CSdr",3.9987593580797,0.0198030905486731,1.77689856,0.1155,20000
"CSdr",4.00444095936425,0.0133711737452589,4.342970344,0.310333333333333,50000
"CSdr",3.99853353783648,0.00921164251364922,8.668399296,0.853583333333333,1e+05
"CSdr",3.99806326115009,0.00391540165104088,44.421167312,13.7135666666667,5e+05
"CSdr",4.00063617070455,0.00289406550440444,88.837617696,52.1089666666667,1e+06
