"method","ATTe","ATTse","Mem","Time","sample_size"
"DiDforBigData",4.00239297604576,0.00326549181026831,5.255636504,0.0875333333333401,5e+05
"CSreg",4.0033700542212,0.00392261765777955,44.41283468,15.0810166666667,5e+05
