"method","ATTe","ATTse","Mem","Time","sample_size"
"CSdr",3.91571087367336,0.0893185312626886,0.106249736,0.0263333333333334,1000
"CSdr",3.96920720649994,0.0393406495533761,0.457245296,0.0367833333333332,5000
"CSdr",3.98253611535458,0.028623682665522,0.896934712,0.05925,10000
"CSdr",4.00236820820297,0.0195035110876047,1.77633528,0.11725,20000
"CSdr",3.99959100563148,0.0122670502542296,4.341569296,0.31885,50000
"CSdr",4.00153458442267,0.00943935039285347,8.666798456,0.8892,1e+05
"CSdr",4.0033700542212,0.00362933655015019,44.412835424,14.26415,5e+05
"CSdr",4.0014620562253,0.0027990979663611,88.820131912,53.5859166666667,1e+06
