"method","ATTe","ATTse","Mem","Time","sample_size"
"CH",3.9157108736733,0.10177788693411,1.556322984,3.0596,1000
"CH",3.96920720650015,0.0406016453118613,6.383822568,6.46808333333333,5000
