"method","ATTe","ATTse","sample_size"
"DiDforBigData",1.04963148302951,0.164546923232663,200
"CSreg",1.14441280634095,0.146762570717907,200
"CSdr",1.14441280634095,0.155839395309014,200
"CH",1.14441280634095,0.0505241758309671,200
