"method","ATTe","ATTse","Mem","Time","sample_size"
"DiDforBigData",4.01238146053584,0.0646627205775012,0.051358248,0.0284166666666667,1000
"DiDforBigData",4.02323242900253,0.029319227617743,0.12361876,0.029,5000
"DiDforBigData",3.98837517378646,0.0204107299918718,0.214271488,0.0263833333333333,10000
"DiDforBigData",3.9987593580797,0.0146491323049249,0.395434096,0.0288666666666667,20000
"DiDforBigData",4.00444095936425,0.00930310553367601,0.931917696,0.0337333333333333,50000
"DiDforBigData",3.99853353783648,0.00656372594154359,1.830677408,0.0445,1e+05
"DiDforBigData",3.99806326115006,0.00293057906388217,9.191455744,0.109166666666667,5e+05
"DiDforBigData",4.00063617070455,0.00207260440592224,18.349740608,0.191783333333333,1e+06
