"method","ATTe","ATTse","Mem","Time","sample_size"
"DiDforBigData",3.91571087367336,0.0653640659871577,0.028452832,0.0208500000000001,1000
"DiDforBigData",3.96920720649994,0.0293355095400661,0.072753672,0.0214333333333334,5000
"DiDforBigData",3.98253611535458,0.0208044937952285,0.128295112,0.0215999999999999,10000
"DiDforBigData",4.00609649752547,0.0147509866521733,0.239375016,0.0237000000000002,20000
"DiDforBigData",3.98913495894205,0.00920993129953167,0.567372096,0.0255166666666665,50000
"DiDforBigData",4.00153458442269,0.00657293346012681,1.117543616,0.0314833333333335,1e+05
"DiDforBigData",4.00337005422115,0.00293263836688223,5.644744848,0.0762333333333333,5e+05
"DiDforBigData",4.00146205622527,0.00207312969489622,11.272289216,0.127683333333333,1e+06
