"method","ATTe","ATTse","Mem","Time","sample_size"
"DiDforBigData",4.01238146053584,0.0659641351186706,0.028451592,0.0198833333333331,1000
"DiDforBigData",4.02323242900253,0.0293683400018499,0.072753672,0.0202499999999996,5000
"DiDforBigData",3.98837517378646,0.0204963757227637,0.128295112,0.0205500000000001,10000
"DiDforBigData",3.9987593580797,0.0146273997202026,0.239369312,0.0214500000000006,20000
"DiDforBigData",4.00444095936425,0.00928859323878604,0.567371848,0.024533333333333,50000
"DiDforBigData",3.99853353783648,0.00656961210485208,1.117543368,0.0310000000000002,1e+05
"DiDforBigData",3.99806326115006,0.00293132980172921,5.644744648,0.0735166666666667,5e+05
"DiDforBigData",4.00063617070455,0.002072104300182,11.272288968,0.1245,1e+06
