"method","ATTe","ATTse","Mem","Time","sample_size"
"CH",3.98837517378569,0.0292283440803864,23.850706776,22.4155333333333,10000
