"method","ATTe","ATTse","Mem","Time","sample_size"
"CH",3.99875935807831,0.0216953905162611,47.04651172,31.6212666666667,20000
