"method","ATTe","ATTse","Mem","Time","sample_size"
"CH",4.00609649752407,0.0185854275984374,24.516019248,17.2855833333333,20000
