"method","ATTe","ATTse","Mem","Time","sample_size"
"CSreg",3.91571087367336,0.0893185312626886,0.106249488,0.02525,1000
"CSreg",3.96920720649994,0.0393406495533761,0.457245296,0.0369833333333332,5000
"CSreg",3.98253611535458,0.028623682665522,0.896935456,0.0603,10000
"CSreg",4.00236820820297,0.0195035110876047,1.776334784,0.11685,20000
"CSreg",3.99959100563148,0.0122670502542296,4.341569792,0.315083333333333,50000
"CSreg",4.00153458442267,0.00943935039285347,8.666798456,0.898,1e+05
"CSreg",4.0033700542212,0.00362933655015019,44.412835424,14.2878333333333,5e+05
"CSreg",4.0014620562253,0.0027990979663611,88.820131912,53.6060333333333,1e+06
