"method","ATTe","ATTse","Mem","Time","sample_size"
"DiDforBigData",3.99788081995114,0.00092656953664778,112.977186152,1.8779,5e+06
