"method","ATTe","ATTse","Mem","Time","sample_size"
"DiDforBigData",3.91571087367336,0.0653640659871577,0.02711672,0.0239166666666667,1000
"DiDforBigData",3.96920720649994,0.0293355095400661,0.0705228,0.0242333333333335,5000
"DiDforBigData",3.98253611535458,0.0208044937952285,0.124942008,0.0248,10000
"DiDforBigData",4.00236820820298,0.0147019066916049,0.233777944,0.0262333333333333,20000
"DiDforBigData",3.99959100563148,0.00924821006080848,0.5550642,0.0298166666666667,50000
"DiDforBigData",4.00153458442269,0.00657293346012681,1.094034976,0.0323333333333333,1e+05
"DiDforBigData",4.00337005422115,0.00293263836688223,5.531636256,0.0764499999999998,5e+05
"DiDforBigData",4.00146205622527,0.00207312969489622,11.047683448,0.138816666666667,1e+06
