"method","ATTe","ATTse","Mem","Time","sample_size"
"CSbs",4.01238146053584,0.0877670346031043,0.082180792,0.01275,1000
"CSbs",4.02323242900253,0.0398515956087575,0.389391104,0.0173333333333333,5000
"CSbs",3.98837517378646,0.0275596659174689,0.77331888,0.0273833333333333,10000
"CSbs",3.9987593580797,0.0198866482050754,1.541443072,0.0612666666666666,20000
"CSbs",4.00444095936425,0.0125881837302335,3.810356232,0.202866666666667,50000
"CSbs",3.99853353783648,0.00887387039781249,7.615265952,0.617783333333333,1e+05
"CSbs",3.99806326115009,0.0039674844861372,38.367470592,12.5685333333333,5e+05
"CSbs",4.00063617070455,0.00280076039945109,76.7380298,49.9273833333333,1e+06
