"method","ATTe","ATTse","Mem","Time","sample_size"
"CH",4.02323242900274,0.0382612912557986,12.25877664,9.9219,5000
