"method","ATTe","ATTse","Mem","Time","sample_size"
"CH",3.9967401855449,0.0240165196079976,12.438929312,9.65848333333333,10000
